month,pmi
1986-07,48
1986-08,52.6
1986-09,52.4
1986-10,51.2
1986-11,51.2
1986-12,50.5
1987-01,54.9
1987-02,52.6
1987-03,55
1987-04,55.5
1987-05,57.2
1987-06,57.4
1987-07,57.5
1987-08,59.3
1987-09,60
1987-10,60.7
1987-11,58.8
1987-12,61
1988-01,57.5
1988-02,56.2
1988-03,54.6
1988-04,55.8
1988-05,55.5
1988-06,59.3
1988-07,58.2
1988-08,56
1988-09,54.5
1988-10,55.4
1988-11,55.6
1988-12,56
1989-01,54.7
1989-02,54.1
1989-03,51.5
1989-04,52.2
1989-05,49.3
1989-06,47.3
1989-07,45.9
1989-08,45.1
1989-09,46
1989-10,46.8
1989-11,46.8
1989-12,47.4
1990-01,47.2
1990-02,49.1
1990-03,49.9
1990-04,50
1990-05,49.5
1990-06,49.2
1990-07,46.6
1990-08,46.1
1990-09,44.5
1990-10,43.2
1990-11,41.3
1990-12,40.8
1991-01,39.2
1991-02,39.4
1991-03,40.7
1991-04,42.8
1991-05,44.5
1991-06,50.3
1991-07,50.6
1991-08,52.9
1991-09,54.9
1991-10,53.1
1991-11,49.5
1991-12,46.8
1992-01,47.3
1992-02,52.7
1992-03,54.6
1992-04,52.6
1992-05,55.7
1992-06,53.6
1992-07,53.9
1992-08,53.4
1992-09,49.7
1992-10,50.3
1992-11,53.6
1992-12,54.2
1993-01,55.8
1993-02,55.2
1993-03,53.5
1993-04,50.2
1993-05,51.2
1993-06,49.6
1993-07,50.2
1993-08,50.7
1993-09,50.8
1993-10,53.4
1993-11,53.8
1993-12,55.6
1994-01,56
1994-02,56.5
1994-03,56.9
1994-04,57.4
1994-05,58.2
1994-06,58.8
1994-07,58.5
1994-08,58
1994-09,59
1994-10,59.4
1994-11,59.2
1994-12,56.1
1995-01,57.4
1995-02,55.1
1995-03,52.1
1995-04,51.5
1995-05,46.7
1995-06,45.9
1995-07,50.7
1995-08,47.1
1995-09,48.1
1995-10,46.7
1995-11,45.9
1995-12,46.2
1996-01,45.5
1996-02,45.9
1996-03,46.9
1996-04,49.3
1996-05,49.1
1996-06,53.6
1996-07,49.7
1996-08,51.6
1996-09,51.1
1996-10,50.5
1996-11,53
1996-12,55.2
1997-01,53.8
1997-02,53.1
1997-03,53.8
1997-04,53.7
1997-05,56.1
1997-06,54.9
1997-07,57.7
1997-08,56.3
1997-09,53.9
1997-10,56.4
1997-11,55.7
1997-12,54.5
1998-01,53.8
1998-02,52.9
1998-03,52.9
1998-04,52.2
1998-05,50.9
1998-06,48.9
1998-07,49.2
1998-08,49.3
1998-09,48.7
1998-10,48.7
1998-11,48.2
1998-12,46.8
1999-01,50.6
1999-02,51.7
1999-03,52.4
1999-04,52.3
1999-05,54.3
1999-06,55.8
1999-07,53.6
1999-08,54.8
1999-09,57
1999-10,57.2
1999-11,58.1
1999-12,57.8
2000-01,56.7
2000-02,55.8
2000-03,54.9
2000-04,54.7
2000-05,53.2
2000-06,51.4
2000-07,52.5
2000-08,49.9
2000-09,49.7
2000-10,48.7
2000-11,48.5
2000-12,43.9
2001-01,42.3
2001-02,42.1
2001-03,43.1
2001-04,42.7
2001-05,41.3
2001-06,43.2
2001-07,43.5
2001-08,46.3
2001-09,46.2
2001-10,40.8
2001-11,44.1
2001-12,45.3
2002-01,47.5
2002-02,50.7
2002-03,52.4
2002-04,52.4
2002-05,53.1
2002-06,53.6
2002-07,50.2
2002-08,50.3
2002-09,50.5
2002-10,49
2002-11,48.5
2002-12,51.6
2003-01,51.3
2003-02,48.8
2003-03,46.3
2003-04,46.1
2003-05,49
2003-06,49
2003-07,51
2003-08,53.2
2003-09,52.4
2003-10,55.2
2003-11,58.4
2003-12,60.1
2004-01,60.8
2004-02,59.9
2004-03,60.6
2004-04,60.6
2004-05,61.4
2004-06,60.5
2004-07,59.9
2004-08,58.5
2004-09,57.4
2004-10,56.3
2004-11,56.2
2004-12,57.2
2005-01,56.8
2005-02,55.5
2005-03,55.2
2005-04,52.2
2005-05,50.8
2005-06,52.4
2005-07,52.8
2005-08,52.4
2005-09,56.8
2005-10,57.2
2005-11,56.7
2005-12,55.1
2006-01,55
2006-02,55.8
2006-03,54.3
2006-04,55.2
2006-05,53.7
2006-06,52
2006-07,53
2006-08,53.7
2006-09,52.2
2006-10,51.4
2006-11,50.3
2006-12,51.4
2007-01,49.5
2007-02,51.9
2007-03,50.7
2007-04,52.6
2007-05,52.5
2007-06,52.6
2007-07,52.4
2007-08,50.9
2007-09,51
2007-10,51.1
2007-11,50.5
2007-12,49
2008-01,50.7
2008-02,48.3
2008-03,48.6
2008-04,48.6
2008-05,49.6
2008-06,50.2
2008-07,50
2008-08,49.9
2008-09,43.5
2008-10,38.9
2008-11,36.2
2008-12,32.9
2009-01,35.6
2009-02,35.8
2009-03,36.3
2009-04,40.1
2009-05,42.8
2009-06,44.8
2009-07,48.9
2009-08,52.9
2009-09,52.6
2009-10,55.7
2009-11,53.6
2009-12,54.9
2010-01,58.4
2010-02,56.5
2010-03,59.6
2010-04,60.4
2010-05,59.7
2010-06,56.2
2010-07,55.5
2010-08,56.3
2010-09,54.4
2010-10,56.9
2010-11,56.6
2010-12,58.5
2011-01,60.8
2011-02,61.4
2011-03,61.2
2011-04,60.4
2011-05,53.5
2011-06,55.3
2011-07,50.9
2011-08,50.6
2011-09,51.6
2011-10,50.8
2011-11,52.7
2011-12,53.9
2012-01,54.1
2012-02,52.4
2012-03,53.4
2012-04,54.8
2012-05,53.5
2012-06,49.7
2012-07,49.8
2012-08,49.6
2012-09,51.5
2012-10,51.7
2012-11,49.5
2012-12,50.2
2013-01,53.1
2013-02,54.2
2013-03,51.3
2013-04,50.7
2013-05,49
2013-06,50.9
2013-07,55.4
2013-08,55.7
2013-09,56.2
2013-10,56.4
2013-11,57.3
2013-12,57
2014-01,51.3
2014-02,53.2
2014-03,53.7
2014-04,54.9
2014-05,55.4
2014-06,55.3
2014-07,57.1
2014-08,59
2014-09,56.6
2014-10,59
2014-11,58.7
2014-12,55.5
2015-01,53.5
2015-02,52.9
2015-03,51.5
2015-04,51.5
2015-05,52.8
2015-06,53.5
2015-07,52.7
2015-08,51.1
2015-09,50.2
2015-10,50.1
2015-11,48.6
2015-12,48
2016-01,48.2
2016-02,49.5
2016-03,51.8
2016-04,50.8
2016-05,51.3
2016-06,53.2
2016-07,52.6
2016-08,49.4
2016-09,51.5
2016-10,51.9
2016-11,53.2
2016-12,54.5
2017-01,56
2017-02,57.7
2017-03,57.2
2017-04,54.8
2017-05,54.9
2017-06,57.8
2017-07,56.3
2017-08,58.8
2017-09,60.8
2017-10,58.7
2017-11,58.2
2017-12,59.7
2018-01,59.1
2018-02,60.8
2018-03,59.3
2018-04,57.3
2018-05,58.7
2018-06,60.2
2018-07,58.1
2018-08,61.3
2018-09,59.8
2018-10,57.7
2018-11,59.3
2018-12,54.3
2019-01,56.6
2019-02,54.2
2019-03,55.3
2019-04,52.8
2019-05,52.1
2019-06,51.7
2019-07,51.2
2019-08,49.1
2019-09,47.8
2019-10,48.3
2019-11,48.1
2019-12,47.8
2020-01,50.9
2020-02,50.1
2020-03,49.1
2020-04,41.5
2020-05,43.1
2020-06,52.6
2020-07,54.2
2020-08,56
2020-09,55.4
2020-10,59.3
2020-11,57.5
2020-12,60.5
2021-01,58.7
2021-02,60.8
2021-03,64.7
2021-04,60.7
2021-05,61.2
2021-06,60.6
2021-07,59.5
2021-08,59.9
2021-09,61.1
2021-10,60.8
2021-11,61.1
2021-12,58.8
2022-01,57.6
2022-02,58.6
2022-03,57.1
2022-04,55.4
2022-05,56.1
2022-06,53
2022-07,52.8
2022-08,52.8
2022-09,50.9
2022-10,50.2
2022-11,49
2022-12,48.4
2023-01,47.4
2023-02,47.7
2023-03,46.3
2023-04,47.1
2023-05,46.9
2023-06,46
2023-07,46.4
2023-08,47.6
2023-09,49
2023-10,46.7
2023-11,46.7
2023-12,47.1
2024-01,49.1
2024-02,47.8
2024-03,50.3
2024-04,49.2
2024-05,48.7
2024-06,48.5
2024-07,46.8
2024-08,47.2
2024-09,47.2
2024-10,46.5
2024-11,48.4
2024-12,49.2
2025-01,50.9
2025-02,50.3
2025-03,49
2025-04,48.7
2025-05,48.5
2025-06,49
2025-07,48
2025-08,48.7
2025-09,49.1
2025-10,48.7
2025-11,48.2
2025-12,47.9
2026-01,52.6
2026-02,52.4
2026-03,52.7
2026-04,52.7
2026-05,54
2026-06,53.3
2026-07,55.6
2026-08,54.6
